<?xml version="1.0" encoding="UTF-8"?>
<jcr:root xmlns:sling="http://sling.apache.org/jcr/sling/1.0" xmlns:cq="http://www.day.com/jcr/cq/1.0" xmlns:jcr="http://www.jcp.org/jcr/1.0" xmlns:nt="http://www.jcp.org/jcr/nt/1.0"
    jcr:primaryType="nt:unstructured"
    jcr:title="Test Customizing Fields"
    sling:resourceType="cq/gui/components/authoring/dialog"
    extraClientlibs="[perficientDigital.customizingField.demoField]">
    <content
        jcr:primaryType="nt:unstructured"
        sling:resourceType="granite/ui/components/coral/foundation/fixedcolumns"
        margin="{Boolean}false">
        <items jcr:primaryType="nt:unstructured">
            <tabs
                jcr:primaryType="nt:unstructured"
                sling:resourceType="granite/ui/components/foundation/container"
                rel="cq-siteadmin-admin-properties-tabs">
                <layout
                    jcr:primaryType="nt:unstructured"
                    sling:resourceType="granite/ui/components/foundation/layouts/tabs"
                    type="nav"/>
                <items jcr:primaryType="nt:unstructured">
                    <firstTab
                        jcr:primaryType="nt:unstructured"
                        jcr:title="First Tab"
                        sling:resourceType="granite/ui/components/foundation/section">
                        <layout
                            jcr:primaryType="nt:unstructured"
                            sling:resourceType="granite/ui/components/foundation/layouts/fixedcolumns"
                            margin="{Boolean}false"/>
                        <items jcr:primaryType="nt:unstructured">
                            <column
                                jcr:primaryType="nt:unstructured"
                                sling:resourceType="granite/ui/components/foundation/container">
                                <items jcr:primaryType="nt:unstructured">
                                    <demoField
                                        jcr:primaryType="nt:unstructured"
                                        sling:resourceType="perficient-digital/customizingFields/components/demoField"
                                        answer="{Long}6"/>
                                    <demoField02
                                        jcr:primaryType="nt:unstructured"
                                        sling:resourceType="/apps/perficient-digital/customizingFields/files/greetings.html"/>
                                </items>
                            </column>
                        </items>
                    </firstTab>
                </items>
            </tabs>
        </items>
    </content>
</jcr:root>
